birth_date,breed,pasture_zone,health_status,date,weight
2023-03-26,Charolais,Norte,Bueno,2024-10-16,250.0
2023-07-26,Angus,Norte,Bueno,2024-10-18,250.9852072968664
2023-07-26,Charolais,Norte,Bueno,2024-10-18,253.08542085877832
2023-05-26,Charolais,Norte,Bueno,2024-10-17,254.52311503734902
2023-06-26,Charolais,Norte,Bueno,2024-10-18,256.52203366745465
2023-04-26,Angus,Norte,Bueno,2024-10-17,257.12728287226116
2023-04-26,Charolais,Norte,Bueno,2024-10-17,258.26653955337173
2023-03-26,Angus,Norte,Bueno,2024-10-16,259.0796420246751
2023-12-26,Charolais,Norte,Bueno,2025-10-16,260.3433271329473
2023-07-26,Hereford,Norte,Bueno,2024-10-18,262.5212024471799
2023-05-26,Angus,Norte,Bueno,2024-10-17,264.4849417919719
2023-02-26,Angus,Norte,Bueno,2024-10-18,265.6301044568971
2023-02-26,Angus,Norte,Bueno,2024-10-18,267.3842346227337
2023-05-26,Charolais,Norte,Bueno,2024-10-17,269.7718391960415
2023-04-26,Angus,Norte,Bueno,2024-10-17,270.6647611934604
2023-05-26,Angus,Norte,Bueno,2024-10-17,272.2169706466274
2023-05-26,Hereford,Norte,Bueno,2024-10-17,272.4215208052644
2023-12-26,Charolais,Norte,Bueno,2025-10-16,274.38640614243303
2023-06-26,Hereford,Norte,Bueno,2024-10-18,275.8086748613151
2023-12-26,Hereford,Norte,Bueno,2025-10-16,276.51750829503754
2023-05-26,Charolais,Norte,Bueno,2024-10-17,277.96656707450995
2023-12-26,Angus,Norte,Bueno,2025-10-16,279.131775616884
2023-07-26,Hereford,Norte,Bueno,2024-10-18,279.4518426000339
2023-02-26,Charolais,Norte,Bueno,2024-10-18,280.44056054577294
2022-10-26,Charolais,Norte,Bueno,2024-10-15,281.89454470126657
2022-10-26,Charolais,Norte,Bueno,2024-10-15,282.7721289401429
2023-05-26,Charolais,Norte,Bueno,2024-10-17,283.2658591451947
2023-02-26,Charolais,Norte,Bueno,2024-10-18,284.0308618021337
2023-11-26,Hereford,Norte,Bueno,2025-10-16,285.8448448566723
2023-11-26,Angus,Norte,Bueno,2025-10-16,287.4801845713655
2023-07-26,Angus,Norte,Bueno,2024-10-18,288.85178778655666
2023-11-26,Charolais,Norte,Bueno,2025-10-16,290.0848710901935
2023-02-26,Hereford,Norte,Bueno,2024-10-18,290.6387610446043
2023-12-26,Charolais,Norte,Bueno,2025-10-16,291.7623212656873
2023-02-26,Hereford,Norte,Bueno,2024-10-18,293.92471313945765
2023-03-26,Hereford,Norte,Bueno,2024-10-16,293.74302989922654
2023-04-26,Angus,Norte,Bueno,2024-10-17,295.0180450761128
2023-04-26,Angus,Norte,Bueno,2024-10-17,295.52426330930984
2023-02-26,Hereford,Norte,Bueno,2024-10-18,296.44518319232964
2023-06-26,Hereford,Norte,Bueno,2024-10-18,296.56755552668875
2023-05-26,Angus,Norte,Bueno,2024-10-17,297.6309922801471
2023-03-26,Hereford,Norte,Bueno,2024-10-16,297.3778180446015
2023-04-26,Charolais,Norte,Bueno,2024-10-17,299.1255559500747
2023-04-26,Charolais,Norte,Bueno,2024-10-17,300.2937620666169
2023-04-26,Hereford,Norte,Bueno,2024-10-17,301.7381335210322
2023-03-26,Charolais,Norte,Bueno,2024-10-16,303.67875917433526
2023-04-26,Charolais,Norte,Bueno,2024-10-17,305.35920376700756
2023-06-26,Charolais,Norte,Bueno,2024-10-18,307.6348651116421
2022-10-26,Angus,Norte,Bueno,2024-10-15,309.4799679802298
2023-04-26,Charolais,Norte,Bueno,2024-10-17,311.4385606718748
2023-11-26,Hereford,Norte,Bueno,2025-10-16,313.1846164156402
2023-04-26,Angus,Norte,Bueno,2024-10-17,313.7604403558495
2022-10-26,Angus,Norte,Bueno,2024-10-15,315.73432895754104
2023-07-26,Angus,Norte,Bueno,2024-10-18,317.3831828425148
2023-05-26,Hereford,Norte,Bueno,2024-10-17,318.0235757774475
2023-05-26,Hereford,Norte,Bueno,2024-10-17,318.4641543991607
2022-10-26,Hereford,Norte,Bueno,2024-10-15,319.7943358991268
2022-10-26,Angus,Norte,Bueno,2024-10-15,321.42553025398536
2023-07-26,Angus,Norte,Bueno,2024-10-18,322.52408820540626
2023-06-26,Angus,Norte,Bueno,2024-10-18,323.48780488054894
2023-04-26,Charolais,Norte,Bueno,2024-10-17,324.3368618982812
2022-10-26,Angus,Norte,Bueno,2024-10-15,325.42948010938477
2023-01-26,Charolais,Norte,Bueno,2024-10-17,327.2050713574683
2023-12-26,Angus,Norte,Bueno,2025-10-16,328.8702543741726
2023-12-26,Charolais,Norte,Bueno,2025-10-16,330.9414492142546
2023-01-26,Charolais,Norte,Bueno,2024-10-17,332.2422595884867
2023-12-26,Angus,Norte,Bueno,2025-10-16,332.50376100396676
2022-10-26,Charolais,Norte,Bueno,2024-10-15,335.3545224721049
2023-12-26,Hereford,Norte,Bueno,2025-10-16,335.9420229339855
2023-05-26,Charolais,Norte,Bueno,2024-10-17,337.9675040945114
2023-11-26,Hereford,Norte,Bueno,2025-10-16,339.3951999439355
2023-11-26,Hereford,Norte,Bueno,2025-10-16,340.2870201029882
2023-06-26,Angus,Norte,Bueno,2024-10-18,341.56992057908116
2023-03-26,Hereford,Norte,Bueno,2024-10-16,343.30410591155754
2022-10-26,Charolais,Norte,Bueno,2024-10-15,344.9358774691474
2023-11-26,Hereford,Norte,Bueno,2025-10-16,347.1079195994919
2023-04-26,Angus,Norte,Bueno,2024-10-17,348.13427992673235
2023-03-26,Angus,Norte,Bueno,2024-10-16,349.21825207155297
2023-02-26,Angus,Norte,Bueno,2024-10-18,350.66523378658155
2023-07-26,Angus,Norte,Bueno,2024-10-18,352.1633469600282
2023-04-26,Hereford,Norte,Bueno,2024-10-17,354.50584071953284
2023-01-26,Angus,Norte,Bueno,2024-10-17,355.38021173050305
2023-11-26,Charolais,Norte,Bueno,2025-10-16,357.0486799368792
2023-07-26,Angus,Norte,Bueno,2024-10-18,358.2798729996815
2023-11-26,Charolais,Norte,Bueno,2025-10-16,360.6262963937105
2023-06-26,Charolais,Norte,Bueno,2024-10-18,361.8746925771632
2023-03-26,Hereford,Norte,Bueno,2024-10-16,363.46165665453816
2022-10-26,Hereford,Norte,Bueno,2024-10-15,365.65010780121247
2023-02-26,Charolais,Norte,Bueno,2024-10-18,367.2918735647444
2023-12-26,Hereford,Norte,Bueno,2025-10-16,368.2205877348848
2023-01-26,Hereford,Norte,Bueno,2024-10-17,368.7942113968189
2023-06-26,Charolais,Norte,Bueno,2024-10-18,370.4648645332927
2023-06-26,Hereford,Norte,Bueno,2024-10-18,372.46782663077
2023-04-26,Charolais,Norte,Bueno,2024-10-17,374.78955417897066
2023-11-26,Charolais,Norte,Bueno,2025-10-16,375.78829667784225
2022-10-26,Angus,Norte,Bueno,2024-10-15,377.4090975672886
2022-10-26,Hereford,Norte,Bueno,2024-10-15,379.5629724569888
2023-11-26,Angus,Norte,Bueno,2025-10-16,380.79497298444494
2023-02-26,Charolais,Norte,Bueno,2024-10-18,382.0900332960726
2023-02-26,Hereford,Norte,Bueno,2024-10-18,383.3630942856211
2022-10-26,Angus,Norte,Bueno,2024-10-15,384.85801093154606
2023-06-26,Angus,Norte,Bueno,2024-10-18,386.1644213943676
2023-01-26,Hereford,Norte,Bueno,2024-10-17,387.26773484261895
2023-05-26,Charolais,Norte,Bueno,2024-10-17,387.91183826131225
2023-04-26,Angus,Norte,Bueno,2024-10-17,388.95458872072606
2023-01-26,Charolais,Norte,Bueno,2024-10-17,390.38319779528393
2023-04-26,Angus,Norte,Bueno,2024-10-17,391.99162248921925
2023-02-26,Charolais,Norte,Bueno,2024-10-18,393.3691413812314
2023-03-26,Hereford,Norte,Bueno,2024-10-16,394.445797378135
2023-07-26,Hereford,Norte,Bueno,2024-10-18,396.446361055208
2023-12-26,Hereford,Norte,Bueno,2025-10-16,397.42307056715225
2023-05-26,Charolais,Norte,Bueno,2024-10-17,399.5005284518168
2023-04-26,Charolais,Norte,Bueno,2024-10-17,400.9784079677501
2023-11-26,Hereford,Norte,Bueno,2025-10-16,402.8615760283054
2023-12-26,Charolais,Norte,Bueno,2025-10-16,404.3703779741404
2023-07-26,Hereford,Norte,Bueno,2024-10-18,405.4281963585795
2023-04-26,Charolais,Norte,Bueno,2024-10-17,407.469899161865
2023-04-26,Charolais,Norte,Bueno,2024-10-17,409.14339932802733
2023-01-26,Hereford,Norte,Bueno,2024-10-17,410.04355734240005
2023-05-26,Hereford,Norte,Bueno,2024-10-17,410.7219459213514
2023-02-26,Angus,Norte,Bueno,2024-10-18,411.7462794414908
2023-06-26,Angus,Norte,Bueno,2024-10-18,412.62017795578714
2023-06-26,Hereford,Norte,Bueno,2024-10-18,414.2917915948837
2023-12-26,Hereford,Norte,Bueno,2025-10-16,415.5992116120595
2023-11-26,Angus,Norte,Bueno,2025-10-16,417.79572763628465
2023-02-26,Charolais,Norte,Bueno,2024-10-18,419.5067276977745
2023-01-26,Charolais,Norte,Bueno,2024-10-17,421.2018191993124
2023-11-26,Hereford,Norte,Bueno,2025-10-16,422.36119304101993
2023-06-26,Angus,Norte,Bueno,2024-10-18,423.4062119616974
2023-01-26,Charolais,Norte,Bueno,2024-10-17,424.143930327899
2023-01-26,Angus,Norte,Bueno,2024-10-17,425.39870942118836
2023-01-26,Angus,Norte,Bueno,2024-10-17,427.1101979845241
2023-12-26,Hereford,Norte,Bueno,2025-10-16,428.2024423212913
2023-04-26,Charolais,Norte,Bueno,2024-10-17,429.8800844796516
2023-07-26,Hereford,Norte,Bueno,2024-10-18,430.2305179211502
2023-04-26,Charolais,Norte,Bueno,2024-10-17,432.1365073521042
2023-11-26,Hereford,Norte,Bueno,2025-10-16,433.55162304369264
2023-06-26,Charolais,Norte,Bueno,2024-10-18,434.6508267187954
2023-07-26,Hereford,Norte,Bueno,2024-10-18,435.1701546900599
2023-11-26,Angus,Norte,Bueno,2025-10-16,436.40163694668234
2023-07-26,Hereford,Norte,Bueno,2024-10-18,437.0910524827551
2023-03-26,Angus,Norte,Bueno,2024-10-16,439.37957261918
2023-02-26,Angus,Norte,Bueno,2024-10-18,440.12457941885697
2023-06-26,Angus,Norte,Bueno,2024-10-18,441.9187308184941
2023-07-26,Charolais,Norte,Bueno,2024-10-18,443.23018991751917
2023-11-26,Angus,Norte,Bueno,2025-10-16,445.50615468461933
2023-03-26,Charolais,Norte,Bueno,2024-10-16,446.5730818066817
2023-04-26,Angus,Norte,Bueno,2024-10-17,448.09951859393
2023-02-26,Charolais,Norte,Bueno,2024-10-18,449.8711483859329
2023-05-26,Charolais,Norte,Bueno,2024-10-17,451.6042133872182
2023-12-26,Charolais,Norte,Bueno,2025-10-16,453.05063936623674
2022-10-26,Angus,Norte,Bueno,2024-10-15,454.35192021301907
2023-02-26,Angus,Norte,Bueno,2024-10-18,455.16308537480444
2023-03-26,Angus,Norte,Bueno,2024-10-16,456.6115009048518
2023-04-26,Charolais,Norte,Bueno,2024-10-17,458.84406212451836
2023-03-26,Charolais,Norte,Bueno,2024-10-16,460.4405462387357
2023-04-26,Angus,Norte,Bueno,2024-10-17,461.84530324002424
2023-02-26,Charolais,Norte,Bueno,2024-10-18,463.2823282588229
2022-10-26,Charolais,Norte,Bueno,2024-10-15,464.8329399594253
2022-10-26,Charolais,Norte,Bueno,2024-10-15,466.51441218441676
2023-07-26,Angus,Norte,Bueno,2024-10-18,468.28850066896325
2023-01-26,Hereford,Norte,Bueno,2024-10-17,470.69229352223914
2023-01-26,Charolais,Norte,Bueno,2024-10-17,472.63217671947166
2023-11-26,Angus,Norte,Bueno,2025-10-16,473.90832213003284
2022-10-26,Charolais,Norte,Bueno,2024-10-15,476.0045717948775
2023-11-26,Hereford,Norte,Bueno,2025-10-16,477.84119672053913
2023-03-26,Angus,Norte,Bueno,2024-10-16,479.06106048520866
2023-11-26,Hereford,Norte,Bueno,2025-10-16,481.25417412317904
2023-01-26,Charolais,Norte,Bueno,2024-10-17,482.11620230220024
2023-02-26,Hereford,Norte,Bueno,2024-10-18,483.6472884704458
2023-06-26,Charolais,Norte,Bueno,2024-10-18,485.5141161233905
2023-12-26,Angus,Norte,Bueno,2025-10-16,486.7519368083453
2023-11-26,Hereford,Norte,Bueno,2025-10-16,487.31966555963334
2023-04-26,Hereford,Norte,Bueno,2024-10-17,488.7572156817782
2023-07-26,Hereford,Norte,Bueno,2024-10-18,490.04498725401436
2023-05-26,Angus,Norte,Bueno,2024-10-17,491.2863526126607
2023-01-26,Angus,Norte,Bueno,2024-10-17,493.14823418250114
2022-10-26,Charolais,Norte,Bueno,2024-10-15,495.3770784600585
2023-12-26,Angus,Norte,Bueno,2025-10-16,497.3872367478588
2022-10-26,Hereford,Norte,Bueno,2024-10-15,498.23009731711124
2023-06-26,Angus,Norte,Bueno,2024-10-18,499.1159742636903
2023-12-26,Angus,Norte,Bueno,2025-10-16,499.9206190705041
2023-11-26,Angus,Norte,Bueno,2025-10-16,501.365951382198
2023-06-26,Angus,Norte,Bueno,2024-10-18,502.58307356547334
2023-05-26,Hereford,Norte,Bueno,2024-10-17,503.81413814952134
2023-02-26,Angus,Norte,Bueno,2024-10-18,504.6927313775829
2023-01-26,Hereford,Norte,Bueno,2024-10-17,505.86847166498035
2023-06-26,Angus,Norte,Bueno,2024-10-18,507.6874717824885
2023-11-26,Charolais,Norte,Bueno,2025-10-16,508.7122017870129
2022-10-26,Hereford,Norte,Bueno,2024-10-15,510.2368958837865
2023-05-26,Hereford,Norte,Bueno,2024-10-17,511.38707492404603
2023-02-26,Charolais,Norte,Bueno,2024-10-18,512.8289740053632
2023-12-26,Angus,Norte,Bueno,2025-10-16,514.3056812482401
2023-12-26,Hereford,Norte,Bueno,2025-10-16,515.7631077199208
2022-10-26,Hereford,Norte,Bueno,2024-10-15,517.3476482332325
2023-07-26,Angus,Norte,Bueno,2024-10-18,518.8471688762716
2023-01-26,Charolais,Norte,Bueno,2024-10-17,520.1423205701849
2023-03-26,Angus,Norte,Bueno,2024-10-16,521.8858346667269
2023-06-26,Hereford,Norte,Bueno,2024-10-18,522.592054625712
2022-10-26,Hereford,Norte,Bueno,2024-10-15,523.8715636713317
2022-10-26,Angus,Norte,Bueno,2024-10-15,525.3955816028149
2023-06-26,Charolais,Norte,Bueno,2024-10-18,526.802657958882
2023-03-26,Hereford,Norte,Bueno,2024-10-16,527.9257586303139
2023-11-26,Charolais,Norte,Bueno,2025-10-16,530.0553982513752
2023-02-26,Charolais,Norte,Bueno,2024-10-18,531.4886351976146
2023-03-26,Hereford,Norte,Bueno,2024-10-16,532.0512800900865
2023-05-26,Hereford,Norte,Bueno,2024-10-17,533.7360041346066
2023-07-26,Hereford,Norte,Bueno,2024-10-18,535.0695671361389
2023-03-26,Hereford,Norte,Bueno,2024-10-16,536.1721787856566
2022-10-26,Angus,Norte,Bueno,2024-10-15,537.8953358742662
2023-12-26,Angus,Norte,Bueno,2025-10-16,539.1615261707451
2023-11-26,Hereford,Norte,Bueno,2025-10-16,540.2261330554885
2023-11-26,Charolais,Norte,Bueno,2025-10-16,542.4912097359943
2023-11-26,Hereford,Norte,Bueno,2025-10-16,543.1237090261233
2023-01-26,Hereford,Norte,Bueno,2024-10-17,544.5024777826111
2023-02-26,Angus,Norte,Bueno,2024-10-18,545.2633469991033
2023-01-26,Charolais,Norte,Bueno,2024-10-17,547.4621990216172
2023-04-26,Hereford,Norte,Bueno,2024-10-17,547.7884748803758
2023-12-26,Hereford,Norte,Bueno,2025-10-16,548.621900141376
2023-06-26,Charolais,Norte,Bueno,2024-10-18,550.1126668633643
2023-11-26,Charolais,Norte,Bueno,2025-10-16,552.5429108536887
2023-12-26,Hereford,Norte,Bueno,2025-10-16,553.0903001340907
2023-07-26,Hereford,Norte,Bueno,2024-10-18,553.2856882748337
2023-11-26,Angus,Norte,Bueno,2025-10-16,550.0
2023-11-26,Angus,Norte,Bueno,2025-10-16,550.0
2023-03-26,Hereford,Norte,Bueno,2024-10-16,552.2475537409981
2023-01-26,Charolais,Norte,Bueno,2024-10-17,552.6983747631092
2023-02-26,Angus,Norte,Bueno,2024-10-18,550.0
2023-05-26,Charolais,Norte,Bueno,2024-10-17,551.574923580014
2023-03-26,Charolais,Norte,Bueno,2024-10-16,553.1113988266947
2022-10-26,Hereford,Norte,Bueno,2024-10-15,554.4911065411054
2023-07-26,Angus,Norte,Bueno,2024-10-18,550.0
2023-02-26,Charolais,Norte,Bueno,2024-10-18,551.0364389414176
2023-12-26,Hereford,Norte,Bueno,2025-10-16,551.5088948898878
2023-11-26,Charolais,Norte,Bueno,2025-10-16,552.4376944091847
2023-02-26,Angus,Norte,Bueno,2024-10-18,550.0
2022-10-26,Angus,Norte,Bueno,2024-10-15,550.0
2023-06-26,Charolais,Norte,Bueno,2024-10-18,551.0615233153598
2023-06-26,Charolais,Norte,Bueno,2024-10-18,553.4915752910713
2023-07-26,Angus,Norte,Bueno,2024-10-18,550.0
2023-05-26,Charolais,Norte,Bueno,2024-10-17,550.7607114435663
2023-07-26,Charolais,Norte,Bueno,2024-10-18,552.7503187473965
2023-07-26,Angus,Norte,Bueno,2024-10-18,550.0
2023-05-26,Hereford,Norte,Bueno,2024-10-17,552.1586314638166
2023-01-26,Angus,Norte,Bueno,2024-10-17,550.0
2023-06-26,Charolais,Norte,Bueno,2024-10-18,551.1091271564294
2023-07-26,Angus,Norte,Bueno,2024-10-18,550.0
2023-04-26,Hereford,Norte,Bueno,2024-10-17,550.9849562329487
2023-01-26,Hereford,Norte,Bueno,2024-10-17,553.2958549917188
2023-07-26,Angus,Norte,Bueno,2024-10-18,550.0
2023-05-26,Angus,Norte,Bueno,2024-10-17,550.0
2023-02-26,Charolais,Norte,Bueno,2024-10-18,550.4666837525555
2023-06-26,Charolais,Norte,Bueno,2024-10-18,551.3636047115359
2023-05-26,Hereford,Norte,Bueno,2024-10-17,552.5433079705467
2022-10-26,Angus,Norte,Bueno,2024-10-15,550.0
2023-12-26,Angus,Norte,Bueno,2025-10-16,550.0
2022-10-26,Hereford,Norte,Bueno,2024-10-15,551.2097254878104
2023-02-26,Hereford,Norte,Bueno,2024-10-18,552.9473655493628
2023-07-26,Angus,Norte,Bueno,2024-10-18,550.0
2023-04-26,Angus,Norte,Bueno,2024-10-17,550.0
2023-04-26,Angus,Norte,Bueno,2024-10-17,550.0
2023-04-26,Angus,Norte,Bueno,2024-10-17,550.0
2023-03-26,Angus,Norte,Bueno,2024-10-16,550.0
2023-02-26,Hereford,Norte,Bueno,2024-10-18,551.22944326804
2023-07-26,Hereford,Norte,Bueno,2024-10-18,552.45620094799
2022-10-26,Angus,Norte,Bueno,2024-10-15,550.0
2023-04-26,Hereford,Norte,Bueno,2024-10-17,551.327314907176
2023-05-26,Charolais,Norte,Bueno,2024-10-17,553.3491390560853
2023-04-26,Angus,Norte,Bueno,2024-10-17,550.0
2023-03-26,Angus,Norte,Bueno,2024-10-16,550.0
2023-12-26,Angus,Norte,Bueno,2025-10-16,550.0
2023-07-26,Angus,Norte,Bueno,2024-10-18,550.0
2023-04-26,Charolais,Norte,Bueno,2024-10-17,551.4646951327574
2023-01-26,Hereford,Norte,Bueno,2024-10-17,551.9024734366596
2023-03-26,Hereford,Norte,Bueno,2024-10-16,553.7671418866933
2023-05-26,Hereford,Norte,Bueno,2024-10-17,555.150572139881
2023-06-26,Angus,Norte,Bueno,2024-10-18,550.0
2023-02-26,Angus,Norte,Bueno,2024-10-18,550.0
2023-11-26,Angus,Norte,Bueno,2025-10-16,550.0
2023-11-26,Hereford,Norte,Bueno,2025-10-16,551.581778081858
2023-03-26,Hereford,Norte,Bueno,2024-10-16,553.353478511551
2022-10-26,Charolais,Norte,Bueno,2024-10-15,555.3526062068456
2023-11-26,Charolais,Norte,Bueno,2025-10-16,557.4652120729603
2023-07-26,Charolais,Norte,Bueno,2024-10-18,558.8028539272749
2023-02-26,Charolais,Norte,Bueno,2024-10-18,560.6459886660028
2023-12-26,Hereford,Norte,Bueno,2025-10-16,561.6760129618624
2023-12-26,Hereford,Norte,Bueno,2025-10-16,563.430061724133
2023-01-26,Angus,Norte,Bueno,2024-10-17,550.0
2023-07-26,Angus,Norte,Bueno,2024-10-18,550.0
2023-04-26,Hereford,Norte,Bueno,2024-10-17,551.1602671111616
2023-02-26,Charolais,Norte,Bueno,2024-10-18,552.6783652269505
2023-12-26,Angus,Norte,Bueno,2025-10-16,550.0
2023-05-26,Hereford,Norte,Bueno,2024-10-17,551.7812136975624
2022-10-26,Angus,Norte,Bueno,2024-10-15,550.0
2023-01-26,Charolais,Norte,Bueno,2024-10-17,551.4582947907992
2023-04-26,Angus,Norte,Bueno,2024-10-17,550.0
2023-12-26,Angus,Norte,Bueno,2025-10-16,550.0
2022-10-26,Hereford,Norte,Bueno,2024-10-15,551.6923726231181
2023-11-26,Hereford,Norte,Bueno,2025-10-16,553.7754389759469
2023-12-26,Charolais,Norte,Bueno,2025-10-16,555.3416059972358
2023-03-26,Angus,Norte,Bueno,2024-10-16,550.0
2022-10-26,Hereford,Norte,Bueno,2024-10-15,551.545047346888
2023-12-26,Charolais,Norte,Bueno,2025-10-16,552.9311684583165
2023-11-26,Charolais,Norte,Bueno,2025-10-16,554.2814158485968
2023-07-26,Angus,Norte,Bueno,2024-10-18,550.0
2023-07-26,Charolais,Norte,Bueno,2024-10-18,552.0534477790882
2023-06-26,Hereford,Norte,Bueno,2024-10-18,553.3275348814908
2022-10-26,Charolais,Norte,Bueno,2024-10-15,554.3763004105699
2023-05-26,Hereford,Norte,Bueno,2024-10-17,555.8856661778991
2023-11-26,Charolais,Norte,Bueno,2025-10-16,558.3586308541583
2023-06-26,Charolais,Norte,Bueno,2024-10-18,559.1165746860335
2023-06-26,Angus,Norte,Bueno,2024-10-18,550.0
2023-04-26,Angus,Norte,Bueno,2024-10-17,550.0
2023-02-26,Angus,Norte,Bueno,2024-10-18,550.0
2023-03-26,Charolais,Norte,Bueno,2024-10-16,550.2580227542674
2022-10-26,Hereford,Norte,Bueno,2024-10-15,551.8775640367168
2023-11-26,Hereford,Norte,Bueno,2025-10-16,553.2105607056872
2023-02-26,Charolais,Norte,Bueno,2024-10-18,554.3536367604073
2022-10-26,Charolais,Norte,Bueno,2024-10-15,555.3724669034416
2023-04-26,Angus,Norte,Bueno,2024-10-17,550.0
2023-11-26,Angus,Norte,Bueno,2025-10-16,550.0
2023-02-26,Charolais,Norte,Bueno,2024-10-18,552.0812480027683
2023-06-26,Charolais,Norte,Bueno,2024-10-18,553.5474068114806
2023-12-26,Charolais,Norte,Bueno,2025-10-16,554.7850025203086
2022-10-26,Hereford,Norte,Bueno,2024-10-15,556.9965732083305
2023-01-26,Charolais,Norte,Bueno,2024-10-17,559.0339817447075
2022-10-26,Charolais,Norte,Bueno,2024-10-15,560.1765722713053
2023-01-26,Charolais,Norte,Bueno,2024-10-17,560.8313132300959
2023-01-26,Charolais,Norte,Bueno,2024-10-17,562.1287800634273
2023-01-26,Hereford,Norte,Bueno,2024-10-17,564.4860033706591
2023-04-26,Angus,Norte,Bueno,2024-10-17,550.0
2023-11-26,Angus,Norte,Bueno,2025-10-16,550.0
2023-07-26,Angus,Norte,Bueno,2024-10-18,550.0
2022-10-26,Hereford,Norte,Bueno,2024-10-15,551.3585615250412
2023-06-26,Hereford,Norte,Bueno,2024-10-18,553.028766608796
2023-01-26,Hereford,Norte,Bueno,2024-10-17,554.4870264549381
2023-04-26,Hereford,Norte,Bueno,2024-10-17,556.9325698141912
2023-05-26,Angus,Norte,Bueno,2024-10-17,550.0
2023-04-26,Hereford,Norte,Bueno,2024-10-17,551.6033096704961
2022-10-26,Hereford,Norte,Bueno,2024-10-15,552.760654109044
2023-04-26,Hereford,Norte,Bueno,2024-10-17,554.7524783261147
2023-01-26,Angus,Norte,Bueno,2024-10-17,550.0
2023-04-26,Charolais,Norte,Bueno,2024-10-17,551.9344564060584
2023-04-26,Angus,Norte,Bueno,2024-10-17,550.0
2023-06-26,Hereford,Norte,Bueno,2024-10-18,550.4477773352703
2023-05-26,Angus,Norte,Bueno,2024-10-17,550.0
2023-11-26,Angus,Norte,Bueno,2025-10-16,550.0
2023-06-26,Hereford,Norte,Bueno,2024-10-18,551.1357896813366
2023-11-26,Angus,Norte,Bueno,2025-10-16,550.0
2023-05-26,Angus,Norte,Bueno,2024-10-17,550.0
2023-02-26,Angus,Norte,Bueno,2024-10-18,550.0
2023-12-26,Hereford,Norte,Bueno,2025-10-16,551.2717642118505
2023-11-26,Charolais,Norte,Bueno,2025-10-16,552.9527144982527
2023-01-26,Angus,Norte,Bueno,2024-10-17,550.0
2022-10-26,Angus,Norte,Bueno,2024-10-15,550.0
2023-06-26,Charolais,Norte,Bueno,2024-10-18,550.5273044203028
2023-02-26,Hereford,Norte,Bueno,2024-10-18,551.5839689867837
2023-12-26,Hereford,Norte,Bueno,2025-10-16,554.0692131647684
2023-03-26,Charolais,Norte,Bueno,2024-10-16,555.5159936338874
2023-11-26,Angus,Norte,Bueno,2025-10-16,550.0
2023-01-26,Hereford,Norte,Bueno,2024-10-17,551.6342484082154
2023-11-26,Angus,Norte,Bueno,2025-10-16,550.0
2023-12-26,Angus,Norte,Bueno,2025-10-16,550.0
2023-04-26,Hereford,Norte,Bueno,2024-10-17,551.4518588966755
2023-04-26,Hereford,Norte,Bueno,2024-10-17,552.8087950598026
2023-03-26,Hereford,Norte,Bueno,2024-10-16,554.4133487738569
2023-02-26,Charolais,Norte,Bueno,2024-10-18,555.7368608525884
2023-06-26,Angus,Norte,Bueno,2024-10-18,550.0
2023-02-26,Hereford,Norte,Bueno,2024-10-18,550.4737849996717
2023-12-26,Charolais,Norte,Bueno,2025-10-16,551.5827628626085
2023-12-26,Charolais,Norte,Bueno,2025-10-16,552.6195653764935
2023-12-26,Hereford,Norte,Bueno,2025-10-16,554.0989272786011
2022-10-26,Hereford,Norte,Bueno,2024-10-15,554.5661507128094
2023-04-26,Hereford,Norte,Bueno,2024-10-17,556.0023100153231
2023-11-26,Charolais,Norte,Bueno,2025-10-16,557.0994681910444
2023-07-26,Hereford,Norte,Bueno,2024-10-18,557.9057720715089
2023-03-26,Angus,Norte,Bueno,2024-10-16,550.0
2023-02-26,Hereford,Norte,Bueno,2024-10-18,550.726236256437
2022-10-26,Hereford,Norte,Bueno,2024-10-15,552.5478664484845
2023-01-26,Angus,Norte,Bueno,2024-10-17,550.0
2023-11-26,Hereford,Norte,Bueno,2025-10-16,551.9236971850178
2023-02-26,Hereford,Norte,Bueno,2024-10-18,552.638937815618
2022-10-26,Charolais,Norte,Bueno,2024-10-15,554.487617507703
2022-10-26,Hereford,Norte,Bueno,2024-10-15,556.0956388540977
2023-11-26,Hereford,Norte,Bueno,2025-10-16,557.0903001768662
2023-01-26,Hereford,Norte,Bueno,2024-10-17,558.0545883891963
2023-06-26,Hereford,Norte,Bueno,2024-10-18,558.9067230851196
2023-11-26,Angus,Norte,Bueno,2025-10-16,550.0
2023-06-26,Hereford,Norte,Bueno,2024-10-18,551.0158414650658
2023-02-26,Angus,Norte,Bueno,2024-10-18,550.0
2023-12-26,Charolais,Norte,Bueno,2025-10-16,551.1604195901551
2023-03-26,Charolais,Norte,Bueno,2024-10-16,551.7866386523543
2023-01-26,Angus,Norte,Bueno,2024-10-17,550.0
2023-01-26,Angus,Norte,Bueno,2024-10-17,550.0
2023-01-26,Hereford,Norte,Bueno,2024-10-17,551.4918108340418
2023-05-26,Angus,Norte,Bueno,2024-10-17,550.0
2023-02-26,Charolais,Norte,Bueno,2024-10-18,551.5236731079705
2023-07-26,Angus,Norte,Bueno,2024-10-18,550.0
2023-11-26,Hereford,Norte,Bueno,2025-10-16,551.3810688666156
2023-01-26,Hereford,Norte,Bueno,2024-10-17,552.6071532487582
2023-11-26,Angus,Norte,Bueno,2025-10-16,550.0
2023-07-26,Charolais,Norte,Bueno,2024-10-18,550.9593286240499
2023-06-26,Angus,Norte,Bueno,2024-10-18,550.0
2023-01-26,Hereford,Norte,Bueno,2024-10-17,551.6711846085274
2023-05-26,Angus,Norte,Bueno,2024-10-17,550.0
2023-05-26,Charolais,Norte,Bueno,2024-10-17,552.0703187549734
2023-04-26,Hereford,Norte,Bueno,2024-10-17,553.2207895762546
2023-12-26,Angus,Norte,Bueno,2025-10-16,550.0
2023-07-26,Hereford,Norte,Bueno,2024-10-18,551.5480426370511
2023-05-26,Hereford,Norte,Bueno,2024-10-17,553.0860025832046
2022-10-26,Hereford,Norte,Bueno,2024-10-15,555.642254962169
2023-12-26,Angus,Norte,Bueno,2025-10-16,550.0
2023-01-26,Angus,Norte,Bueno,2024-10-17,550.0
2023-07-26,Angus,Norte,Bueno,2024-10-18,550.0
2023-05-26,Charolais,Norte,Bueno,2024-10-17,551.0905437589906
2023-06-26,Hereford,Norte,Bueno,2024-10-18,553.3222347151232
2023-02-26,Angus,Norte,Bueno,2024-10-18,550.0
2023-07-26,Charolais,Norte,Bueno,2024-10-18,552.2479450276851
2023-02-26,Angus,Norte,Bueno,2024-10-18,550.0
2023-01-26,Hereford,Norte,Bueno,2024-10-17,551.3993279903403
2023-06-26,Angus,Norte,Bueno,2024-10-18,550.0
2023-04-26,Angus,Norte,Bueno,2024-10-17,550.0
2023-02-26,Hereford,Norte,Bueno,2024-10-18,550.9865901782989
2023-07-26,Hereford,Norte,Bueno,2024-10-18,551.8567337844385
2023-05-26,Charolais,Norte,Bueno,2024-10-17,553.0272552883926
2023-01-26,Angus,Norte,Bueno,2024-10-17,550.0
2022-10-26,Angus,Norte,Bueno,2024-10-15,550.0
2023-03-26,Charolais,Norte,Bueno,2024-10-16,551.8445233617805
2023-02-26,Charolais,Norte,Bueno,2024-10-18,554.22189479459
2023-06-26,Angus,Norte,Bueno,2024-10-18,550.0
2023-01-26,Angus,Norte,Bueno,2024-10-17,550.0
2023-11-26,Hereford,Norte,Bueno,2025-10-16,551.2409756338488
2022-10-26,Angus,Norte,Bueno,2024-10-15,550.0
2023-02-26,Hereford,Norte,Bueno,2024-10-18,551.0572651789917
2023-03-26,Hereford,Norte,Bueno,2024-10-16,553.1499757040337
2023-07-26,Charolais,Norte,Bueno,2024-10-18,554.6270985207824
2023-11-26,Charolais,Norte,Bueno,2025-10-16,555.805702819887
2022-10-26,Angus,Norte,Bueno,2024-10-15,550.0
2023-04-26,Angus,Norte,Bueno,2024-10-17,550.0
2023-02-26,Charolais,Norte,Bueno,2024-10-18,551.5970628212974
2023-12-26,Hereford,Norte,Bueno,2025-10-16,552.7399576293662
2023-06-26,Charolais,Norte,Bueno,2024-10-18,553.8786233855822
2022-10-26,Charolais,Norte,Bueno,2024-10-15,555.9321398983005
2023-06-26,Hereford,Norte,Bueno,2024-10-18,556.8298251552154
2022-10-26,Hereford,Norte,Bueno,2024-10-15,559.4695421732424
2022-10-26,Angus,Norte,Bueno,2024-10-15,550.0
2023-02-26,Angus,Norte,Bueno,2024-10-18,550.0
2023-05-26,Angus,Norte,Bueno,2024-10-17,550.0
2023-06-26,Angus,Norte,Bueno,2024-10-18,550.0
2023-04-26,Angus,Norte,Bueno,2024-10-17,550.0
2022-10-26,Hereford,Norte,Bueno,2024-10-15,551.4586904022406
2023-02-26,Angus,Norte,Bueno,2024-10-18,550.0
2023-01-26,Hereford,Norte,Bueno,2024-10-17,550.0440971027057
2022-10-26,Angus,Norte,Bueno,2024-10-15,550.0
2023-01-26,Hereford,Norte,Bueno,2024-10-17,551.691706380511
2023-12-26,Charolais,Norte,Bueno,2025-10-16,552.2873358726538
2023-12-26,Charolais,Norte,Bueno,2025-10-16,554.0295019120689
2022-10-26,Charolais,Norte,Bueno,2024-10-15,555.5999120528193
2023-12-26,Charolais,Norte,Bueno,2025-10-16,556.6495082494832
2023-11-26,Hereford,Norte,Bueno,2025-10-16,558.2572238044893
2023-03-26,Hereford,Norte,Bueno,2024-10-16,558.748062828757
2023-11-26,Angus,Norte,Bueno,2025-10-16,550.0
2023-04-26,Angus,Norte,Bueno,2024-10-17,550.0
2023-02-26,Charolais,Norte,Bueno,2024-10-18,551.7693572618989
2022-10-26,Hereford,Norte,Bueno,2024-10-15,552.6755478457989
2023-11-26,Hereford,Norte,Bueno,2025-10-16,553.6977875444596
2023-11-26,Hereford,Norte,Bueno,2025-10-16,554.7142054123156
2023-06-26,Angus,Norte,Bueno,2024-10-18,550.0
2023-07-26,Hereford,Norte,Bueno,2024-10-18,551.3873480340154
2022-10-26,Hereford,Norte,Bueno,2024-10-15,552.2236845674089
2022-10-26,Charolais,Norte,Bueno,2024-10-15,553.0811252164456
2023-03-26,Charolais,Norte,Bueno,2024-10-16,554.1454673571252
2023-04-26,Hereford,Norte,Bueno,2024-10-17,555.4604064946416
2023-05-26,Charolais,Norte,Bueno,2024-10-17,557.1409820528688
2023-12-26,Angus,Norte,Bueno,2025-10-16,550.0
2023-07-26,Hereford,Norte,Bueno,2024-10-18,551.9328443948277
2023-02-26,Angus,Norte,Bueno,2024-10-18,550.0
2023-04-26,Hereford,Norte,Bueno,2024-10-17,551.8397137613855
2023-06-26,Charolais,Norte,Bueno,2024-10-18,554.2592527046571
2023-05-26,Charolais,Norte,Bueno,2024-10-17,555.9959937942476
2023-03-26,Angus,Norte,Bueno,2024-10-16,550.0
2023-01-26,Charolais,Norte,Bueno,2024-10-17,551.550959502611
2023-05-26,Hereford,Norte,Bueno,2024-10-17,552.6610793247693
2023-07-26,Hereford,Norte,Bueno,2024-10-18,554.2084226524377
2023-12-26,Charolais,Norte,Bueno,2025-10-16,555.7588139221793
2023-07-26,Angus,Norte,Bueno,2024-10-18,550.0
2023-02-26,Angus,Norte,Bueno,2024-10-18,550.0
2023-12-26,Angus,Norte,Bueno,2025-10-16,550.0
2023-04-26,Hereford,Norte,Bueno,2024-10-17,551.8637465584574
2023-03-26,Charolais,Norte,Bueno,2024-10-16,553.7309737769475
2023-11-26,Hereford,Norte,Bueno,2025-10-16,554.2719741663655
2023-06-26,Hereford,Norte,Bueno,2024-10-18,555.8050102741046
2023-03-26,Angus,Norte,Bueno,2024-10-16,550.0
2022-10-26,Charolais,Norte,Bueno,2024-10-15,550.9772855412984
2023-11-26,Hereford,Norte,Bueno,2025-10-16,552.2403976759418
2023-05-26,Charolais,Norte,Bueno,2024-10-17,554.1883755831773
2023-12-26,Angus,Norte,Bueno,2025-10-16,550.0
2023-07-26,Hereford,Norte,Bueno,2024-10-18,551.6676172936182
2023-04-26,Angus,Norte,Bueno,2024-10-17,550.0
2023-07-26,Angus,Norte,Bueno,2024-10-18,550.0
2023-01-26,Charolais,Norte,Bueno,2024-10-17,551.1361863063327
2023-07-26,Angus,Norte,Bueno,2024-10-18,550.0
2023-04-26,Charolais,Norte,Bueno,2024-10-17,551.548861891539
2023-12-26,Hereford,Norte,Bueno,2025-10-16,553.660933898425
2023-11-26,Angus,Norte,Bueno,2025-10-16,550.0
2023-12-26,Charolais,Norte,Bueno,2025-10-16,550.9605167796195
2023-11-26,Hereford,Norte,Bueno,2025-10-16,553.8864805648755
2023-05-26,Hereford,Norte,Bueno,2024-10-17,554.7381847496389
2023-12-26,Charolais,Norte,Bueno,2025-10-16,556.9405663618336
2023-12-26,Hereford,Norte,Bueno,2025-10-16,558.1602836002104
2023-06-26,Hereford,Norte,Bueno,2024-10-18,559.7265138987264
2023-04-26,Angus,Norte,Bueno,2024-10-17,550.0
2023-03-26,Angus,Norte,Bueno,2024-10-16,550.0
2023-11-26,Charolais,Norte,Bueno,2025-10-16,551.4955048118621
2023-02-26,Hereford,Norte,Bueno,2024-10-18,554.2311560970222
2023-03-26,Hereford,Norte,Bueno,2024-10-16,555.6077106295164
2023-12-26,Hereford,Norte,Bueno,2025-10-16,556.552113034091
2023-02-26,Hereford,Norte,Bueno,2024-10-18,558.8741336337371
2023-12-26,Hereford,Norte,Bueno,2025-10-16,560.7632605013788
2023-04-26,Hereford,Norte,Bueno,2024-10-17,561.7052114806544
2023-05-26,Hereford,Norte,Bueno,2024-10-17,563.4380163628598
2023-12-26,Angus,Norte,Bueno,2025-10-16,550.0
2023-11-26,Angus,Norte,Bueno,2025-10-16,550.0
2023-11-26,Hereford,Norte,Bueno,2025-10-16,551.4669656486997
2023-06-26,Hereford,Norte,Bueno,2024-10-18,553.4284886353418
2022-10-26,Hereford,Norte,Bueno,2024-10-15,554.8637158801165
2023-04-26,Angus,Norte,Bueno,2024-10-17,550.0
2023-11-26,Hereford,Norte,Bueno,2025-10-16,550.3814910025147
2022-10-26,Hereford,Norte,Bueno,2024-10-15,551.3004638770714
2023-05-26,Hereford,Norte,Bueno,2024-10-17,552.2183179905318
2023-05-26,Angus,Norte,Bueno,2024-10-17,550.0
2022-10-26,Hereford,Norte,Bueno,2024-10-15,551.4998729689048
2023-06-26,Charolais,Norte,Bueno,2024-10-18,552.4953882136653
2023-03-26,Angus,Norte,Bueno,2024-10-16,550.0
2023-12-26,Angus,Norte,Bueno,2025-10-16,550.0
2023-11-26,Hereford,Norte,Bueno,2025-10-16,550.6508364267534
2023-01-26,Hereford,Norte,Bueno,2024-10-17,551.7191263166196
2022-10-26,Hereford,Norte,Bueno,2024-10-15,553.2291422612593
2023-07-26,Angus,Norte,Bueno,2024-10-18,550.0
2023-12-26,Hereford,Norte,Bueno,2025-10-16,551.4959623954749
2023-06-26,Hereford,Norte,Bueno,2024-10-18,553.1619266407411
2023-04-26,Hereford,Norte,Bueno,2024-10-17,554.1476511379327
2023-11-26,Hereford,Norte,Bueno,2025-10-16,554.3837049238352
2023-03-26,Charolais,Norte,Bueno,2024-10-16,555.5438857892225
2023-12-26,Hereford,Norte,Bueno,2025-10-16,557.1091859759705
2023-07-26,Angus,Norte,Bueno,2024-10-18,550.0
2023-11-26,Charolais,Norte,Bueno,2025-10-16,551.7392179359556
2023-04-26,Angus,Norte,Bueno,2024-10-17,550.0
2022-10-26,Angus,Norte,Bueno,2024-10-15,550.0
2023-04-26,Charolais,Norte,Bueno,2024-10-17,551.3367739717473
2023-01-26,Hereford,Norte,Bueno,2024-10-17,552.2143761363506
2023-01-26,Angus,Norte,Bueno,2024-10-17,550.0
2023-06-26,Charolais,Norte,Bueno,2024-10-18,550.4199301513953
2023-07-26,Angus,Norte,Bueno,2024-10-18,550.0
2023-04-26,Angus,Norte,Bueno,2024-10-17,550.0
2023-06-26,Hereford,Norte,Bueno,2024-10-18,550.6140187299148
2023-05-26,Angus,Norte,Bueno,2024-10-17,550.0
2023-02-26,Charolais,Norte,Bueno,2024-10-18,552.1560247620308
2022-10-26,Hereford,Norte,Bueno,2024-10-15,553.2613046138874
2023-11-26,Hereford,Norte,Bueno,2025-10-16,554.5093587057967
2023-02-26,Angus,Norte,Bueno,2024-10-18,550.0
2023-02-26,Charolais,Norte,Bueno,2024-10-18,551.4487718570874
2023-04-26,Charolais,Norte,Bueno,2024-10-17,552.6521943725681
2023-06-26,Hereford,Norte,Bueno,2024-10-18,554.0232177306153
2023-06-26,Charolais,Norte,Bueno,2024-10-18,555.2216981284752
2023-05-26,Hereford,Norte,Bueno,2024-10-17,557.3101775664359
2023-03-26,Charolais,Norte,Bueno,2024-10-16,558.7860631154056
2023-01-26,Hereford,Norte,Bueno,2024-10-17,560.4867265457833
2023-12-26,Charolais,Norte,Bueno,2025-10-16,562.2952675586763
2023-06-26,Hereford,Norte,Bueno,2024-10-18,563.298960668157
2023-11-26,Hereford,Norte,Bueno,2025-10-16,564.5324226075522
2022-10-26,Angus,Norte,Bueno,2024-10-15,550.0
2023-11-26,Hereford,Norte,Bueno,2025-10-16,551.2990740124923
2023-03-26,Hereford,Norte,Bueno,2024-10-16,552.4127237364781
2023-12-26,Hereford,Norte,Bueno,2025-10-16,553.6928506683213
2023-04-26,Angus,Norte,Bueno,2024-10-17,550.0
2023-07-26,Charolais,Norte,Bueno,2024-10-18,551.32799407274
2023-01-26,Charolais,Norte,Bueno,2024-10-17,552.81550281067
2023-11-26,Hereford,Norte,Bueno,2025-10-16,552.9043234657956
2023-03-26,Hereford,Norte,Bueno,2024-10-16,554.3332238256654
2023-05-26,Angus,Norte,Bueno,2024-10-17,550.0
2023-04-26,Angus,Norte,Bueno,2024-10-17,550.0
2023-12-26,Charolais,Norte,Bueno,2025-10-16,551.4430302733203
2023-12-26,Charolais,Norte,Bueno,2025-10-16,554.164566607123
2023-01-26,Hereford,Norte,Bueno,2024-10-17,554.6259002628725
2023-12-26,Hereford,Norte,Bueno,2025-10-16,555.5161606006398
2023-05-26,Hereford,Norte,Bueno,2024-10-17,557.0238575191016
2023-01-26,Hereford,Norte,Bueno,2024-10-17,559.5829937188201
2023-11-26,Charolais,Norte,Bueno,2025-10-16,560.4551917456703
2023-11-26,Hereford,Norte,Bueno,2025-10-16,561.1133602058025
2023-05-26,Angus,Norte,Bueno,2024-10-17,550.0
2023-05-26,Charolais,Norte,Bueno,2024-10-17,551.171377427602
2023-11-26,Charolais,Norte,Bueno,2025-10-16,553.037757519539
2023-03-26,Angus,Norte,Bueno,2024-10-16,550.0
2023-07-26,Charolais,Norte,Bueno,2024-10-18,551.6155694199557
2023-02-26,Angus,Norte,Bueno,2024-10-18,550.0
2023-11-26,Charolais,Norte,Bueno,2025-10-16,550.7544402925147
2023-06-26,Angus,Norte,Bueno,2024-10-18,550.0
2022-10-26,Charolais,Norte,Bueno,2024-10-15,551.9760889840511
2023-02-26,Charolais,Norte,Bueno,2024-10-18,552.780990272233
2023-01-26,Angus,Norte,Bueno,2024-10-17,550.0
2022-10-26,Hereford,Norte,Bueno,2024-10-15,551.055330724465
2023-04-26,Charolais,Norte,Bueno,2024-10-17,551.9883818809242
2022-10-26,Hereford,Norte,Bueno,2024-10-15,554.3536067942431
2023-04-26,Hereford,Norte,Bueno,2024-10-17,555.9176939184564
2023-02-26,Charolais,Norte,Bueno,2024-10-18,557.2662914383052
2023-04-26,Charolais,Norte,Bueno,2024-10-17,558.6349904345485
2023-07-26,Hereford,Norte,Bueno,2024-10-18,561.187434560843
2022-10-26,Hereford,Norte,Bueno,2024-10-15,562.9528491921868
2023-06-26,Hereford,Norte,Bueno,2024-10-18,564.1541038077121
2023-11-26,Charolais,Norte,Bueno,2025-10-16,565.5639696029835
2023-01-26,Angus,Norte,Bueno,2024-10-17,550.0
2023-05-26,Hereford,Norte,Bueno,2024-10-17,551.5420704963749
2023-02-26,Angus,Norte,Bueno,2024-10-18,550.0
2023-01-26,Hereford,Norte,Bueno,2024-10-17,551.4672921276443
2022-10-26,Angus,Norte,Bueno,2024-10-15,550.0
2023-03-26,Hereford,Norte,Bueno,2024-10-16,551.0227877944275
2023-11-26,Hereford,Norte,Bueno,2025-10-16,551.696256062612
2023-02-26,Angus,Norte,Bueno,2024-10-18,550.0
2023-11-26,Hereford,Norte,Bueno,2025-10-16,551.7674640746297
2023-03-26,Hereford,Norte,Bueno,2024-10-16,552.8744786744151
2023-02-26,Hereford,Norte,Bueno,2024-10-18,554.6996896970456
2023-11-26,Angus,Norte,Bueno,2025-10-16,550.0
2023-02-26,Charolais,Norte,Bueno,2024-10-18,551.8542081320032
2023-02-26,Hereford,Norte,Bueno,2024-10-18,554.0384620067899
2023-03-26,Charolais,Norte,Bueno,2024-10-16,555.4168337568658
2023-12-26,Angus,Norte,Bueno,2025-10-16,550.0
2023-06-26,Angus,Norte,Bueno,2024-10-18,550.0
2023-07-26,Hereford,Norte,Bueno,2024-10-18,551.257665323026
2023-06-26,Hereford,Norte,Bueno,2024-10-18,552.2955397554541
2023-01-26,Charolais,Norte,Bueno,2024-10-17,554.2426085634019
2023-06-26,Charolais,Norte,Bueno,2024-10-18,555.6902945820734
2022-10-26,Hereford,Norte,Bueno,2024-10-15,557.6777405990632
2023-12-26,Angus,Norte,Bueno,2025-10-16,550.0
2023-03-26,Angus,Norte,Bueno,2024-10-16,550.0
2023-12-26,Charolais,Norte,Bueno,2025-10-16,550.8882417283904
2023-02-26,Angus,Norte,Bueno,2024-10-18,550.0
2023-03-26,Charolais,Norte,Bueno,2024-10-16,551.3277852673381
2023-06-26,Hereford,Norte,Bueno,2024-10-18,552.3236564700737
2023-05-26,Angus,Norte,Bueno,2024-10-17,550.0
2023-01-26,Charolais,Norte,Bueno,2024-10-17,551.1586604712836
2023-12-26,Charolais,Norte,Bueno,2025-10-16,552.7495148459806
2023-12-26,Charolais,Norte,Bueno,2025-10-16,554.2983954404293
2023-12-26,Hereford,Norte,Bueno,2025-10-16,554.8894243684628
2022-10-26,Hereford,Norte,Bueno,2024-10-15,556.9997371542892
2022-10-26,Angus,Norte,Bueno,2024-10-15,550.0
2023-11-26,Angus,Norte,Bueno,2025-10-16,550.0
2023-03-26,Angus,Norte,Bueno,2024-10-16,550.0
2023-02-26,Charolais,Norte,Bueno,2024-10-18,551.6718018896531
2023-02-26,Angus,Norte,Bueno,2024-10-18,550.0
2023-06-26,Charolais,Norte,Bueno,2024-10-18,552.3038116520811
2023-05-26,Hereford,Norte,Bueno,2024-10-17,553.5789289739976
2023-03-26,Angus,Norte,Bueno,2024-10-16,550.0
2023-02-26,Charolais,Norte,Bueno,2024-10-18,550.6846253409057
2023-01-26,Charolais,Norte,Bueno,2024-10-17,551.6025420784011
2023-06-26,Hereford,Norte,Bueno,2024-10-18,552.0105973354272
2023-06-26,Angus,Norte,Bueno,2024-10-18,550.0
2023-06-26,Hereford,Norte,Bueno,2024-10-18,551.2744744123385
2023-11-26,Hereford,Norte,Bueno,2025-10-16,552.1199022896025
2023-07-26,Hereford,Norte,Bueno,2024-10-18,553.7559543709143
2023-02-26,Charolais,Norte,Bueno,2024-10-18,554.999007699502
2023-04-26,Charolais,Norte,Bueno,2024-10-17,555.6895575917939
2023-12-26,Charolais,Norte,Bueno,2025-10-16,556.5043569324666
2023-03-26,Charolais,Norte,Bueno,2024-10-16,557.7093631216186
2023-07-26,Hereford,Norte,Bueno,2024-10-18,559.8292614007896
2023-04-26,Angus,Norte,Bueno,2024-10-17,550.0
2023-07-26,Charolais,Norte,Bueno,2024-10-18,551.7000532100402
2023-05-26,Angus,Norte,Bueno,2024-10-17,550.0
2023-11-26,Hereford,Norte,Bueno,2025-10-16,552.4922892014499
2023-07-26,Hereford,Norte,Bueno,2024-10-18,554.4908506492025
2023-01-26,Angus,Norte,Bueno,2024-10-17,550.0
2022-10-26,Angus,Norte,Bueno,2024-10-15,550.0
2022-10-26,Hereford,Norte,Bueno,2024-10-15,551.8595508465567
2023-12-26,Hereford,Norte,Bueno,2025-10-16,553.7344765427127
2023-05-26,Angus,Norte,Bueno,2024-10-17,550.0
2022-10-26,Hereford,Norte,Bueno,2024-10-15,551.3244876290003
2023-05-26,Hereford,Norte,Bueno,2024-10-17,553.2092289228455
2023-02-26,Charolais,Norte,Bueno,2024-10-18,554.4982360054556
2023-05-26,Angus,Norte,Bueno,2024-10-17,550.0
2023-12-26,Charolais,Norte,Bueno,2025-10-16,551.3483271061747
2023-04-26,Angus,Norte,Bueno,2024-10-17,550.0
2023-02-26,Hereford,Norte,Bueno,2024-10-18,551.7147016304582
2023-06-26,Hereford,Norte,Bueno,2024-10-18,552.8873989172348
2023-01-26,Hereford,Norte,Bueno,2024-10-17,553.542705407239
2023-06-26,Hereford,Norte,Bueno,2024-10-18,554.8822606878363
2023-01-26,Angus,Norte,Bueno,2024-10-17,550.0
2023-12-26,Charolais,Norte,Bueno,2025-10-16,552.1172169624282
2023-04-26,Angus,Norte,Bueno,2024-10-17,550.0
2023-06-26,Angus,Norte,Bueno,2024-10-18,550.0
2023-01-26,Hereford,Norte,Bueno,2024-10-17,550.2867048118409
2023-12-26,Hereford,Norte,Bueno,2025-10-16,550.7430663106436
2023-07-26,Charolais,Norte,Bueno,2024-10-18,552.004487566029
2023-01-26,Hereford,Norte,Bueno,2024-10-17,552.5693978488034
2023-11-26,Hereford,Norte,Bueno,2025-10-16,554.1161350922937
2023-07-26,Charolais,Norte,Bueno,2024-10-18,556.0725132790626
2023-06-26,Hereford,Norte,Bueno,2024-10-18,557.3145716480585
2023-05-26,Angus,Norte,Bueno,2024-10-17,550.0
2023-03-26,Angus,Norte,Bueno,2024-10-16,550.0
2023-03-26,Hereford,Norte,Bueno,2024-10-16,550.2380195399808
2023-03-26,Charolais,Norte,Bueno,2024-10-16,551.2789962049496
2023-07-26,Angus,Norte,Bueno,2024-10-18,550.0
2022-10-26,Charolais,Norte,Bueno,2024-10-15,551.3347123421952
2023-05-26,Charolais,Norte,Bueno,2024-10-17,552.9138333203899
2023-02-26,Hereford,Norte,Bueno,2024-10-18,554.7834622504046
2023-11-26,Charolais,Norte,Bueno,2025-10-16,555.5520895519999
2023-07-26,Charolais,Norte,Bueno,2024-10-18,556.8633459494341
2023-12-26,Hereford,Norte,Bueno,2025-10-16,557.7053437633339
2023-01-26,Hereford,Norte,Bueno,2024-10-17,558.137606394214
2023-07-26,Charolais,Norte,Bueno,2024-10-18,559.994971180887
2023-06-26,Angus,Norte,Bueno,2024-10-18,550.0
2023-04-26,Angus,Norte,Bueno,2024-10-17,550.0
2022-10-26,Hereford,Norte,Bueno,2024-10-15,551.490022079936
2023-12-26,Charolais,Norte,Bueno,2025-10-16,553.9470493371764
2023-02-26,Hereford,Norte,Bueno,2024-10-18,555.1716344267178
2023-02-26,Charolais,Norte,Bueno,2024-10-18,556.0005275166052
2023-01-26,Charolais,Norte,Bueno,2024-10-17,557.4072798270523
2022-10-26,Hereford,Norte,Bueno,2024-10-15,559.1691311061134
2023-05-26,Charolais,Norte,Bueno,2024-10-17,560.1166360117141
2022-10-26,Charolais,Norte,Bueno,2024-10-15,561.3479644081743
2023-04-26,Angus,Norte,Bueno,2024-10-17,550.0
2023-06-26,Hereford,Norte,Bueno,2024-10-18,550.7268951024255
2023-06-26,Hereford,Norte,Bueno,2024-10-18,551.3661363617466
2022-10-26,Angus,Norte,Bueno,2024-10-15,550.0
2023-11-26,Angus,Norte,Bueno,2025-10-16,550.0
2023-02-26,Angus,Norte,Bueno,2024-10-18,550.0
2022-10-26,Charolais,Norte,Bueno,2024-10-15,552.2381544906096
2022-10-26,Angus,Norte,Bueno,2024-10-15,550.0
2023-11-26,Charolais,Norte,Bueno,2025-10-16,551.1886667841969
2023-11-26,Angus,Norte,Bueno,2025-10-16,550.0
2023-11-26,Angus,Norte,Bueno,2025-10-16,550.0
2023-02-26,Angus,Norte,Bueno,2024-10-18,550.0
2023-11-26,Angus,Norte,Bueno,2025-10-16,550.0
2023-11-26,Charolais,Norte,Bueno,2025-10-16,550.8713754729561
2022-10-26,Angus,Norte,Bueno,2024-10-15,550.0
2023-12-26,Charolais,Norte,Bueno,2025-10-16,551.136505167219
2023-02-26,Hereford,Norte,Bueno,2024-10-18,552.729870836502
2023-01-26,Charolais,Norte,Bueno,2024-10-17,554.6400938026081
2023-04-26,Charolais,Norte,Bueno,2024-10-17,556.4448745875223
2023-12-26,Hereford,Norte,Bueno,2025-10-16,557.572855399037
2023-01-26,Hereford,Norte,Bueno,2024-10-17,559.0341936271502
2023-06-26,Angus,Norte,Bueno,2024-10-18,550.0
2023-01-26,Angus,Norte,Bueno,2024-10-17,550.0
2023-11-26,Charolais,Norte,Bueno,2025-10-16,552.5555761023406
2023-03-26,Charolais,Norte,Bueno,2024-10-16,554.1861468564404
2023-06-26,Charolais,Norte,Bueno,2024-10-18,555.9985158988626
2022-10-26,Angus,Norte,Bueno,2024-10-15,550.0
2023-01-26,Angus,Norte,Bueno,2024-10-17,550.0
2023-06-26,Angus,Norte,Bueno,2024-10-18,550.0
2023-07-26,Charolais,Norte,Bueno,2024-10-18,552.2155752659581
2023-07-26,Hereford,Norte,Bueno,2024-10-18,553.4135724192009
2023-03-26,Charolais,Norte,Bueno,2024-10-16,555.8199836370273
2023-11-26,Charolais,Norte,Bueno,2025-10-16,557.6892779252663
2023-11-26,Angus,Norte,Bueno,2025-10-16,550.0
2023-06-26,Charolais,Norte,Bueno,2024-10-18,550.5831435690956
2023-07-26,Charolais,Norte,Bueno,2024-10-18,551.2784317959338
2023-11-26,Charolais,Norte,Bueno,2025-10-16,552.4562658961172
2023-01-26,Angus,Norte,Bueno,2024-10-17,550.0
2023-01-26,Hereford,Norte,Bueno,2024-10-17,551.0586916575675
2023-02-26,Charolais,Norte,Bueno,2024-10-18,552.3844206660366
2023-07-26,Hereford,Norte,Bueno,2024-10-18,552.9041371874031
2023-03-26,Hereford,Norte,Bueno,2024-10-16,554.3374901017307
2023-07-26,Angus,Norte,Bueno,2024-10-18,550.0
2023-01-26,Angus,Norte,Bueno,2024-10-17,550.0
2023-01-26,Angus,Norte,Bueno,2024-10-17,550.0
2023-05-26,Angus,Norte,Bueno,2024-10-17,550.0
2023-12-26,Angus,Norte,Bueno,2025-10-16,550.0
2023-06-26,Charolais,Norte,Bueno,2024-10-18,551.9008626319205
2023-12-26,Charolais,Norte,Bueno,2025-10-16,553.0522071900103
2023-02-26,Angus,Norte,Bueno,2024-10-18,550.0
2023-06-26,Angus,Norte,Bueno,2024-10-18,550.0
2023-03-26,Hereford,Norte,Bueno,2024-10-16,550.8401034484605
2023-02-26,Charolais,Norte,Bueno,2024-10-18,552.3592542903212
2023-06-26,Hereford,Norte,Bueno,2024-10-18,552.6799079721792
2023-04-26,Angus,Norte,Bueno,2024-10-17,550.0
2022-10-26,Hereford,Norte,Bueno,2024-10-15,551.160641537793
2023-03-26,Charolais,Norte,Bueno,2024-10-16,552.3177516654321
2023-03-26,Angus,Norte,Bueno,2024-10-16,550.0
2022-10-26,Charolais,Norte,Bueno,2024-10-15,549.8693803836633
2023-06-26,Hereford,Norte,Bueno,2024-10-18,551.8514104859207
2023-06-26,Charolais,Norte,Bueno,2024-10-18,553.0604968480515
2022-10-26,Charolais,Norte,Bueno,2024-10-15,555.1686620694022
2023-02-26,Angus,Norte,Bueno,2024-10-18,550.0
2023-06-26,Hereford,Norte,Bueno,2024-10-18,551.6503066774649
2023-06-26,Angus,Norte,Bueno,2024-10-18,550.0
2023-05-26,Charolais,Norte,Bueno,2024-10-17,551.2808545520393
2023-03-26,Angus,Norte,Bueno,2024-10-16,550.0
2023-01-26,Charolais,Norte,Bueno,2024-10-17,552.1891790017555
2023-05-26,Charolais,Norte,Bueno,2024-10-17,553.53365373754
2023-04-26,Angus,Norte,Bueno,2024-10-17,550.0
2023-01-26,Charolais,Norte,Bueno,2024-10-17,552.540611676846
2023-12-26,Angus,Norte,Bueno,2025-10-16,550.0
2022-10-26,Charolais,Norte,Bueno,2024-10-15,551.7716977684554
2023-12-26,Angus,Norte,Bueno,2025-10-16,550.0
2023-03-26,Charolais,Norte,Bueno,2024-10-16,551.6599229781126
2023-02-26,Hereford,Norte,Bueno,2024-10-18,552.9896225242502
2023-04-26,Charolais,Norte,Bueno,2024-10-17,554.4221121939438
2023-03-26,Angus,Norte,Bueno,2024-10-16,550.0
2023-03-26,Hereford,Norte,Bueno,2024-10-16,551.4415172963643
2023-11-26,Charolais,Norte,Bueno,2025-10-16,554.0164172320383
2023-11-26,Charolais,Norte,Bueno,2025-10-16,555.871057534157
2023-12-26,Charolais,Norte,Bueno,2025-10-16,557.036147604748
2023-12-26,Charolais,Norte,Bueno,2025-10-16,558.6458756357142
2023-04-26,Charolais,Norte,Bueno,2024-10-17,560.7347185727115
2022-10-26,Hereford,Norte,Bueno,2024-10-15,561.5306296908145
2022-10-26,Hereford,Norte,Bueno,2024-10-15,562.7855520425097
2023-01-26,Angus,Norte,Bueno,2024-10-17,550.0
2023-06-26,Hereford,Norte,Bueno,2024-10-18,552.1093819206453
2023-04-26,Angus,Norte,Bueno,2024-10-17,550.0
2023-03-26,Charolais,Norte,Bueno,2024-10-16,551.168956099976
2023-02-26,Hereford,Norte,Bueno,2024-10-18,553.3526775999362
2023-12-26,Hereford,Norte,Bueno,2025-10-16,554.5594974964789
2023-05-26,Hereford,Norte,Bueno,2024-10-17,556.3062772274151
2023-05-26,Hereford,Norte,Bueno,2024-10-17,557.6522748293891
2023-02-26,Charolais,Norte,Bueno,2024-10-18,559.6343861389224
2023-03-26,Hereford,Norte,Bueno,2024-10-16,561.9024001394419
2023-01-26,Angus,Norte,Bueno,2024-10-17,550.0
2023-12-26,Charolais,Norte,Bueno,2025-10-16,551.4107778909703
2023-01-26,Hereford,Norte,Bueno,2024-10-17,552.9875079949707
2023-11-26,Angus,Norte,Bueno,2025-10-16,550.0
2022-10-26,Hereford,Norte,Bueno,2024-10-15,551.0265936064845
2023-12-26,Hereford,Norte,Bueno,2025-10-16,551.5260087409422
2023-03-26,Angus,Norte,Bueno,2024-10-16,550.0
2023-03-26,Hereford,Norte,Bueno,2024-10-16,552.4016359358864
2022-10-26,Angus,Norte,Bueno,2024-10-15,550.0
2022-10-26,Hereford,Norte,Bueno,2024-10-15,551.7656890464689
2023-07-26,Angus,Norte,Bueno,2024-10-18,550.0
2023-07-26,Angus,Norte,Bueno,2024-10-18,550.0
2023-02-26,Angus,Norte,Bueno,2024-10-18,550.0
2023-02-26,Angus,Norte,Bueno,2024-10-18,550.0
2023-12-26,Angus,Norte,Bueno,2025-10-16,550.0
2023-04-26,Hereford,Norte,Bueno,2024-10-17,550.6944841044087
2023-06-26,Angus,Norte,Bueno,2024-10-18,550.0
2023-05-26,Angus,Norte,Bueno,2024-10-17,550.0
2023-03-26,Angus,Norte,Bueno,2024-10-16,550.0
2023-11-26,Charolais,Norte,Bueno,2025-10-16,551.63431223213
2023-06-26,Hereford,Norte,Bueno,2024-10-18,552.9032070038458
2023-02-26,Angus,Norte,Bueno,2024-10-18,550.0
2023-05-26,Charolais,Norte,Bueno,2024-10-17,551.5042467645518
2023-11-26,Hereford,Norte,Bueno,2025-10-16,553.4444751761242
2023-05-26,Charolais,Norte,Bueno,2024-10-17,555.1200255198769
2023-07-26,Charolais,Norte,Bueno,2024-10-18,556.6951351755941
2023-07-26,Charolais,Norte,Bueno,2024-10-18,558.6306626752151
2022-10-26,Charolais,Norte,Bueno,2024-10-15,559.7994485401298
2023-12-26,Angus,Norte,Bueno,2025-10-16,550.0
2023-11-26,Angus,Norte,Bueno,2025-10-16,550.0
2023-03-26,Hereford,Norte,Bueno,2024-10-16,550.5597288140485
2022-10-26,Charolais,Norte,Bueno,2024-10-15,552.320605185214
2023-11-26,Angus,Norte,Bueno,2025-10-16,550.0
2023-02-26,Charolais,Norte,Bueno,2024-10-18,551.7027770857222
2022-10-26,Angus,Norte,Bueno,2024-10-15,550.0
2023-07-26,Hereford,Norte,Bueno,2024-10-18,552.9688172880636
2022-10-26,Angus,Norte,Bueno,2024-10-15,550.0
2023-03-26,Hereford,Norte,Bueno,2024-10-16,551.0214878599082
2023-01-26,Angus,Norte,Bueno,2024-10-17,550.0
2023-01-26,Charolais,Norte,Bueno,2024-10-17,551.3068266585816
2022-10-26,Hereford,Norte,Bueno,2024-10-15,552.350384363635
2023-07-26,Angus,Norte,Bueno,2024-10-18,550.0
2023-05-26,Angus,Norte,Bueno,2024-10-17,550.0
2023-07-26,Hereford,Norte,Bueno,2024-10-18,552.2545653673673
2023-11-26,Angus,Norte,Bueno,2025-10-16,550.0
2023-05-26,Charolais,Norte,Bueno,2024-10-17,551.6264926501938
2023-03-26,Charolais,Norte,Bueno,2024-10-16,552.5158983387211
2023-11-26,Charolais,Norte,Bueno,2025-10-16,554.9961535266754
2023-05-26,Hereford,Norte,Bueno,2024-10-17,555.3684644594548
2023-11-26,Hereford,Norte,Bueno,2025-10-16,556.8660675894123
2023-06-26,Hereford,Norte,Bueno,2024-10-18,557.7978814000762
2023-11-26,Angus,Norte,Bueno,2025-10-16,550.0
2023-07-26,Angus,Norte,Bueno,2024-10-18,550.0
2023-05-26,Charolais,Norte,Bueno,2024-10-17,550.5251434875307
2023-05-26,Charolais,Norte,Bueno,2024-10-17,551.9929735722393
2023-03-26,Charolais,Norte,Bueno,2024-10-16,553.1524545774203
2023-11-26,Charolais,Norte,Bueno,2025-10-16,555.2806369975874
2023-11-26,Hereford,Norte,Bueno,2025-10-16,557.0152541605081
2023-06-26,Angus,Norte,Bueno,2024-10-18,550.0
2023-03-26,Hereford,Norte,Bueno,2024-10-16,551.0103391142353
2023-04-26,Charolais,Norte,Bueno,2024-10-17,552.1266468828878
2022-10-26,Angus,Norte,Bueno,2024-10-15,550.0
2023-02-26,Hereford,Norte,Bueno,2024-10-18,551.7044828000124
2022-10-26,Charolais,Norte,Bueno,2024-10-15,553.6125110924334
2023-12-26,Hereford,Norte,Bueno,2025-10-16,555.9902557714244
2023-02-26,Angus,Norte,Bueno,2024-10-18,550.0
2023-02-26,Hereford,Norte,Bueno,2024-10-18,550.1313937332271
2023-01-26,Charolais,Norte,Bueno,2024-10-17,551.3826440551962
2023-11-26,Charolais,Norte,Bueno,2025-10-16,552.4958252702761
2023-01-26,Angus,Norte,Bueno,2024-10-17,550.0
2023-11-26,Hereford,Norte,Bueno,2025-10-16,549.9327206377329
2023-04-26,Hereford,Norte,Bueno,2024-10-17,551.673900123169
2023-03-26,Charolais,Norte,Bueno,2024-10-16,553.2417450587636
2023-11-26,Charolais,Norte,Bueno,2025-10-16,554.6467498957941
2023-04-26,Charolais,Norte,Bueno,2024-10-17,556.1496314582763
2023-07-26,Charolais,Norte,Bueno,2024-10-18,557.543937228612
2023-03-26,Angus,Norte,Bueno,2024-10-16,550.0
2023-03-26,Charolais,Norte,Bueno,2024-10-16,551.7970855785549
2023-01-26,Hereford,Norte,Bueno,2024-10-17,553.0453395409127
2023-07-26,Hereford,Norte,Bueno,2024-10-18,554.286749638183
2023-07-26,Hereford,Norte,Bueno,2024-10-18,556.2063678482706
2023-12-26,Charolais,Norte,Bueno,2025-10-16,558.1381421636346
2023-11-26,Charolais,Norte,Bueno,2025-10-16,560.2874252328337
2023-12-26,Hereford,Norte,Bueno,2025-10-16,562.1664830356845
2023-02-26,Angus,Norte,Bueno,2024-10-18,550.0
2023-05-26,Hereford,Norte,Bueno,2024-10-17,551.8108524508227
2022-10-26,Charolais,Norte,Bueno,2024-10-15,553.6886264071173
2023-01-26,Angus,Norte,Bueno,2024-10-17,550.0
2023-03-26,Hereford,Norte,Bueno,2024-10-16,551.4961911500767
2023-04-26,Charolais,Norte,Bueno,2024-10-17,553.3048509980321
2023-12-26,Charolais,Norte,Bueno,2025-10-16,554.6901246305018
2023-12-26,Angus,Norte,Bueno,2025-10-16,550.0
2023-03-26,Hereford,Norte,Bueno,2024-10-16,551.3207099952571
2023-03-26,Hereford,Norte,Bueno,2024-10-16,553.3472601804842
2023-01-26,Angus,Norte,Bueno,2024-10-17,550.0
2023-12-26,Hereford,Norte,Bueno,2025-10-16,550.7696417629418
2023-06-26,Hereford,Norte,Bueno,2024-10-18,551.8134054847287
2023-01-26,Charolais,Norte,Bueno,2024-10-17,553.5732028495395
2023-05-26,Hereford,Norte,Bueno,2024-10-17,555.8869145484683
2023-07-26,Hereford,Norte,Bueno,2024-10-18,557.0993055437464
2023-11-26,Charolais,Norte,Bueno,2025-10-16,558.405432031019
2023-11-26,Charolais,Norte,Bueno,2025-10-16,560.122456837566
2023-01-26,Charolais,Norte,Bueno,2024-10-17,561.7848465715555
2023-04-26,Hereford,Norte,Bueno,2024-10-17,563.5184211351335
2023-02-26,Hereford,Norte,Bueno,2024-10-18,564.1510379196012
2023-03-26,Charolais,Norte,Bueno,2024-10-16,565.0254672128295
2023-05-26,Charolais,Norte,Bueno,2024-10-17,566.3271941039883
2023-03-26,Charolais,Norte,Bueno,2024-10-16,567.9027936585658
2023-05-26,Charolais,Norte,Bueno,2024-10-17,569.8229645469121
2023-05-26,Charolais,Norte,Bueno,2024-10-17,570.799519888311
2022-10-26,Hereford,Norte,Bueno,2024-10-15,570.0
2023-07-26,Hereford,Norte,Bueno,2024-10-18,570.0
2022-10-26,Angus,Norte,Bueno,2024-10-15,550.0
2023-02-26,Angus,Norte,Bueno,2024-10-18,550.0
2023-05-26,Angus,Norte,Bueno,2024-10-17,550.0
2023-02-26,Angus,Norte,Bueno,2024-10-18,550.0
2023-02-26,Angus,Norte,Bueno,2024-10-18,550.0
2023-03-26,Hereford,Norte,Bueno,2024-10-16,550.3485519896697
2023-02-26,Angus,Norte,Bueno,2024-10-18,550.0
2023-03-26,Charolais,Norte,Bueno,2024-10-16,551.5199882904236
2023-05-26,Charolais,Norte,Bueno,2024-10-17,553.0899183804414
2023-04-26,Hereford,Norte,Bueno,2024-10-17,555.6206494842993
2023-06-26,Hereford,Norte,Bueno,2024-10-18,556.4213374587817
2023-07-26,Angus,Norte,Bueno,2024-10-18,550.0
2023-05-26,Angus,Norte,Bueno,2024-10-17,550.0
2023-06-26,Angus,Norte,Bueno,2024-10-18,550.0
2023-04-26,Angus,Norte,Bueno,2024-10-17,550.0
2023-01-26,Charolais,Norte,Bueno,2024-10-17,551.374899989769
2023-12-26,Hereford,Norte,Bueno,2025-10-16,552.4696087394801
2023-06-26,Charolais,Norte,Bueno,2024-10-18,553.2993120920955
2023-05-26,Hereford,Norte,Bueno,2024-10-17,553.7754362051287
2023-07-26,Charolais,Norte,Bueno,2024-10-18,554.8402724443387
2022-10-26,Angus,Norte,Bueno,2024-10-15,550.0
2023-03-26,Hereford,Norte,Bueno,2024-10-16,551.7788471126128
2023-04-26,Hereford,Norte,Bueno,2024-10-17,552.6181466302057
2023-03-26,Angus,Norte,Bueno,2024-10-16,550.0
2023-03-26,Angus,Norte,Bueno,2024-10-16,550.0
2023-11-26,Hereford,Norte,Bueno,2025-10-16,550.4520178948334
2023-12-26,Charolais,Norte,Bueno,2025-10-16,550.6069603519724
2023-01-26,Charolais,Norte,Bueno,2024-10-17,552.3119409153657
2023-01-26,Hereford,Norte,Bueno,2024-10-17,555.0187278256764
2023-12-26,Hereford,Norte,Bueno,2025-10-16,557.4142223024976
2023-04-26,Angus,Norte,Bueno,2024-10-17,550.0
2023-03-26,Charolais,Norte,Bueno,2024-10-16,550.94887573447
2023-04-26,Angus,Norte,Bueno,2024-10-17,550.0
2022-10-26,Charolais,Norte,Bueno,2024-10-15,551.4112902643668
2022-10-26,Charolais,Norte,Bueno,2024-10-15,552.490506472689
2023-01-26,Charolais,Norte,Bueno,2024-10-17,554.2330830152375
2023-02-26,Charolais,Norte,Bueno,2024-10-18,556.0984432989943
2023-04-26,Charolais,Norte,Bueno,2024-10-17,557.1838721382329
2023-02-26,Angus,Norte,Bueno,2024-10-18,550.0
2023-12-26,Charolais,Norte,Bueno,2025-10-16,551.2080596892664
2023-06-26,Angus,Norte,Bueno,2024-10-18,550.0
2023-12-26,Angus,Norte,Bueno,2025-10-16,550.0
2023-12-26,Charolais,Norte,Bueno,2025-10-16,551.25006507885
2022-10-26,Angus,Norte,Bueno,2024-10-15,550.0
2023-02-26,Hereford,Norte,Bueno,2024-10-18,552.297561193521
2023-02-26,Hereford,Norte,Bueno,2024-10-18,554.2052407095564
2023-12-26,Charolais,Norte,Bueno,2025-10-16,555.4353285780915
2023-12-26,Charolais,Norte,Bueno,2025-10-16,557.1596008049869
2023-04-26,Hereford,Norte,Bueno,2024-10-17,558.2443589047155
2023-02-26,Hereford,Norte,Bueno,2024-10-18,558.9570637170806
2023-05-26,Charolais,Norte,Bueno,2024-10-17,560.4192383138914
2023-02-26,Angus,Norte,Bueno,2024-10-18,550.0
2022-10-26,Charolais,Norte,Bueno,2024-10-15,551.4861628586144
2023-03-26,Hereford,Norte,Bueno,2024-10-16,552.7081287752412
2022-10-26,Angus,Norte,Bueno,2024-10-15,550.0
2022-10-26,Angus,Norte,Bueno,2024-10-15,550.0
2023-01-26,Charolais,Norte,Bueno,2024-10-17,552.2491032388624
2023-07-26,Hereford,Norte,Bueno,2024-10-18,553.0573337947335
2023-06-26,Hereford,Norte,Bueno,2024-10-18,554.9267510071838
2023-06-26,Charolais,Norte,Bueno,2024-10-18,556.6123201414823
2023-07-26,Angus,Norte,Bueno,2024-10-18,550.0
2023-07-26,Hereford,Norte,Bueno,2024-10-18,550.8525658630826
2023-05-26,Hereford,Norte,Bueno,2024-10-17,551.6334741181888
2023-02-26,Hereford,Norte,Bueno,2024-10-18,553.010870153539
2023-01-26,Charolais,Norte,Bueno,2024-10-17,553.9366008600904
2023-01-26,Hereford,Norte,Bueno,2024-10-17,555.0098545359398
2023-02-26,Hereford,Norte,Bueno,2024-10-18,555.3340530496712
2023-05-26,Angus,Norte,Bueno,2024-10-17,550.0
2023-03-26,Hereford,Norte,Bueno,2024-10-16,550.9337506093916
2022-10-26,Angus,Norte,Bueno,2024-10-15,550.0
2023-12-26,Charolais,Norte,Bueno,2025-10-16,551.2537776790089
2023-06-26,Charolais,Norte,Bueno,2024-10-18,552.3531033777091
2023-01-26,Hereford,Norte,Bueno,2024-10-17,554.1356661373302
